{
    "$schema": "https://schema.management.azure.com/schemas/2015-01-01/deploymentParameters.json#",
    "contentVersion": "1.0.0.0",
    "parameters": {
        "location": {
            "value": "centralus"
        },
        "networkInterfaceName": {
            "value": "pushinsight311"
        },
        "networkSecurityGroupName": {
            "value": "pushinsight-nsg"
        },
        "networkSecurityGroupRules": {
            "value": [
                {
                    "name": "SSH",
                    "properties": {
                        "priority": 300,
                        "protocol": "TCP",
                        "access": "Allow",
                        "direction": "Inbound",
                        "sourceAddressPrefix": "*",
                        "sourcePortRange": "*",
                        "destinationAddressPrefix": "*",
                        "destinationPortRange": "22"
                    }
                }
            ]
        },
        "subnetName": {
            "value": "default"
        },
        "virtualNetworkId": {
            "value": "/subscriptions/f382e914-feb1-4404-88bd-72ee70f83dfd/resourceGroups/Azubidemo_group/providers/Microsoft.Network/virtualNetworks/AzubiDemo_group-vnet"
        },
        "publicIpAddressName": {
            "value": "pushinsight-ip"
        },
        "publicIpAddressType": {
            "value": "Dynamic"
        },
        "publicIpAddressSku": {
            "value": "Basic"
        },
        "virtualMachineName": {
            "value": "pushinsight"
        },
        "virtualMachineComputerName": {
            "value": "pushinsight"
        },
        "virtualMachineRG": {
            "value": "AzubiDemo_group"
        },
        "osDiskType": {
            "value": "Premium_LRS"
        },
        "virtualMachineSize": {
            "value": "Standard_B1s"
        },
        "adminUsername": {
            "value": "azureuser"
        }
    }
}